date,close
2025-10-08,23043.380859375
2025-10-09,23024.630859375
2025-10-10,22204.4296875
2025-10-13,22694.609375
2025-10-14,22521.69921875
2025-10-15,22670.080078125
2025-10-16,22562.5390625
2025-10-17,22679.970703125
2025-10-20,22990.5390625
2025-10-21,22953.669921875
2025-10-22,22740.400390625
2025-10-23,22941.80078125
2025-10-24,23204.869140625
2025-10-27,23637.4609375
2025-10-28,23827.490234375
2025-10-29,23958.470703125
2025-10-30,23581.140625
2025-10-31,23724.9609375
2025-11-03,23834.720703125
2025-11-04,23348.640625
2025-11-05,23499.80078125
2025-11-06,23053.990234375
2025-11-07,23004.5390625
2025-11-10,23527.169921875
2025-11-11,23468.30078125
2025-11-12,23406.4609375
2025-11-13,22870.359375
2025-11-14,22900.58984375
2025-11-17,22708.0703125
2025-11-18,22432.849609375
2025-11-19,22564.23046875
2025-11-20,22078.05078125
2025-11-21,22273.080078125
2025-11-24,22872.009765625
2025-11-25,23025.58984375
2025-11-26,23214.689453125
2025-11-28,23365.689453125
2025-12-01,23275.919921875
2025-12-02,23413.669921875
2025-12-03,23454.08984375
2025-12-04,23505.140625
2025-12-05,23578.130859375
2025-12-08,23545.900390625
2025-12-09,23576.490234375
2025-12-10,23654.150390625
2025-12-11,23593.859375
2025-12-12,23195.169921875
2025-12-15,23057.41015625
2025-12-16,23111.4609375
2025-12-17,22693.3203125
2025-12-18,23006.359375
2025-12-19,23307.619140625
2025-12-22,23428.830078125
2025-12-23,23561.83984375
2025-12-24,23613.310546875
2025-12-26,23593.099609375
2025-12-29,23474.349609375
2025-12-30,23419.080078125
2025-12-31,23241.990234375
2026-01-02,23235.630859375
2026-01-05,23395.8203125
2026-01-06,23547.169921875
2026-01-07,23584.279296875
2026-01-08,23480.01953125
2026-01-09,23671.349609375
2026-01-12,23733.900390625
2026-01-13,23709.869140625
2026-01-14,23471.75
2026-01-15,23530.01953125
2026-01-16,23515.390625
2026-01-20,22954.3203125
2026-01-21,23224.8203125
2026-01-22,23436.01953125
2026-01-23,23501.240234375
2026-01-26,23601.359375
2026-01-27,23817.099609375
2026-01-28,23857.44921875
2026-01-29,23685.119140625
2026-01-30,23461.8203125
2026-02-02,23592.109375
2026-02-03,23255.189453125
2026-02-04,22904.580078125
2026-02-05,22540.58984375
2026-02-06,23031.2109375
2026-02-09,23238.669921875
2026-02-10,23102.470703125
2026-02-11,23066.470703125
2026-02-12,22597.150390625
2026-02-13,22546.669921875
2026-02-17,22578.380859375
2026-02-18,22753.630859375
2026-02-19,22682.73046875
2026-02-20,22886.0703125
2026-02-23,22627.26953125
2026-02-24,22863.6796875
2026-02-25,23152.080078125
2026-02-26,22878.380859375
2026-02-27,22668.2109375
2026-03-02,22748.859375
2026-03-03,22516.689453125
2026-03-04,22807.48046875
2026-03-05,22748.990234375
2026-03-06,22387.6796875
2026-03-09,22695.94921875
2026-03-10,22697.099609375
2026-03-11,22716.130859375
2026-03-12,22311.98046875
2026-03-13,22105.359375
2026-03-16,22374.1796875
2026-03-17,22479.529296875
2026-03-18,22152.419921875
2026-03-19,22090.689453125
2026-03-20,21647.609375
2026-03-23,21946.759765625
2026-03-24,21761.890625
2026-03-25,21929.8203125
2026-03-26,21408.080078125
2026-03-27,20948.359375
2026-03-30,20794.640625
2026-03-31,21590.630859375
2026-04-01,21840.94921875
2026-04-02,21879.1796875
2026-04-06,21996.33984375
2026-04-07,22017.849609375
2026-04-08,22634.990234375
2026-04-09,22822.419921875
2026-04-10,22902.890625
2026-04-13,23183.740234375
2026-04-14,23639.080078125
2026-04-15,24016.01953125
2026-04-16,24102.69921875
2026-04-17,24468.48046875
2026-04-20,24404.390625
2026-04-21,24259.9609375
2026-04-22,24657.5703125
2026-04-23,24438.5
2026-04-24,24836.599609375
2026-04-27,24887.099609375
2026-04-28,24663.80078125
2026-04-29,24673.240234375
2026-04-30,24892.310546875
2026-05-01,25114.439453125
2026-05-04,25067.80078125
2026-05-05,25326.130859375
2026-05-06,25838.939453125
2026-05-07,25806.19921875
2026-05-08,26247.080078125
2026-05-11,26274.130859375
2026-05-12,26088.19921875
2026-05-13,26402.33984375
2026-05-14,26635.220703125
2026-05-15,26225.140625
2026-05-18,26090.73046875
2026-05-19,25870.7109375
2026-05-20,26270.359375
2026-05-21,26293.099609375
2026-05-22,26343.970703125
2026-05-26,26656.1796875
2026-05-27,26674.73046875
2026-05-28,26917.470703125
2026-05-29,26972.619140625
2026-06-01,27086.810546875
2026-06-02,27093.900390625
2026-06-03,26853.98046875
2026-06-04,26830.9609375
2026-06-05,25709.4296875
2026-06-08,25929.66015625
2026-06-09,25678.8203125
2026-06-10,25169.5
2026-06-11,25809.66015625
2026-06-12,25888.83984375
2026-06-15,26683.939453125
2026-06-16,26376.33984375
2026-06-17,26021.66015625
2026-06-18,26517.9296875
2026-06-22,26166.599609375
2026-06-23,25587.0390625
2026-06-24,25476.640625
2026-06-25,25358.599609375
2026-06-26,25297.619140625
2026-06-29,25820.140625
2026-06-30,26213.720703125
2026-07-01,26040.029296875
2026-07-02,25832.669921875
2026-07-06,26121.16015625
2026-07-07,25818.689453125
2026-07-08,25870.650390625
2026-07-09,26206.890625
2026-07-10,26281.609375
2026-07-13,25873.1796875
2026-07-14,26107.009765625
2026-07-15,26269.23046875
2026-07-16,25881.94921875
2026-07-17,25520.240234375
2026-07-20,25508.0703125
2026-07-21,25837.2109375
2026-07-22,25690.900390625
2026-07-23,25137.689453125
2026-07-24,24975.8203125
2026-07-27,24932.080078125
2026-07-28,24876.91015625
2026-07-29,24442.939453125
2026-07-30,25122.1796875
2026-07-31,25373.849609375
2026-08-03,25913.900390625
2026-08-04,26584.990234375
2026-08-05,26363.439453125
2026-08-06,26348.349609375
2026-08-07,26690.619140625
2026-08-10,26605.359375
2026-08-11,26445.44921875
2026-08-12,26588.490234375
2026-08-13,26803.029296875
2026-08-14,26729.16015625
2026-08-17,26644.91015625
2026-08-18,26289.7109375
2026-08-19,26331.08984375
2026-08-20,26067.169921875
2026-08-21,26180.4609375
2026-08-24,25980.189453125
2026-08-25,26151.30078125
2026-08-26,26130.19921875
2026-08-27,26541.349609375
2026-08-28,26402.419921875
2026-08-31,26370.890625
2026-09-01,26099.76953125
2026-09-02,26217.830078125
2026-09-03,26584.060546875
2026-09-04,26506.990234375
2026-09-08,26421.41015625
2026-09-09,26253.33984375
2026-09-10,26081.720703125
2026-09-11,26333.0390625
2026-09-14,26186.41015625
2026-09-15,25981.5703125
2026-09-16,25978.4296875
2026-09-17,26418.30078125
2026-09-18,26522.5390625
2026-09-21,27122.08984375
2026-09-22,27244.279296875
2026-09-23,26936.0390625
2026-09-24,26939.369140625
2026-09-25,27068.720703125
2026-09-28,26820.380859375
2026-09-29,26797.5390625
2026-09-30,26861.060546875
2026-10-01,26871.599609375
2026-10-02,27190.859375
2026-10-05,27477.310546875
2026-10-06,27599.7890625
2026-10-07,27538.689453125
2026-10-08,27138.220703125
