date,open,high,low,close,volume,quote_volume
2025-09-05,0.352,0.369,0.3507,0.3596,54645709.0,19727564.3183
2025-09-06,0.3596,0.3614,0.353,0.3558,21474929.0,7668052.7294
2025-09-07,0.3558,0.3659,0.3554,0.3616,44018526.0,15876194.3888
2025-09-08,0.3616,0.3849,0.3584,0.3776,95308051.0,35629878.7661
2025-09-09,0.3777,0.3868,0.3705,0.3723,78315619.0,29658635.1451
2025-09-10,0.3722,0.386,0.3699,0.3833,45530789.0,17298349.8658
2025-09-11,0.3834,0.3966,0.3829,0.3961,72375326.0,28159573.9
2025-09-12,0.3961,0.4054,0.39,0.4046,59250633.0,23474748.3512
2025-09-13,0.4047,0.4143,0.3998,0.405,66821726.0,27217918.6226
2025-09-14,0.405,0.4056,0.3839,0.3896,53878172.0,21172839.8208
2025-09-15,0.3896,0.3947,0.3739,0.3805,68418806.0,26086760.0641
2025-09-16,0.3806,0.3919,0.3745,0.3839,68098112.0,26271994.0577
2025-09-17,0.384,0.3985,0.3796,0.3954,58260250.0,22519651.8815
2025-09-18,0.3955,0.4047,0.3921,0.3963,68816040.0,27451764.4451
2025-09-19,0.3962,0.3999,0.3854,0.388,47004175.0,18381902.4759
2025-09-20,0.388,0.3939,0.3849,0.3861,25807230.0,10035090.3013
2025-09-21,0.3862,0.3907,0.379,0.3797,29899374.0,11510650.5004
2025-09-22,0.3797,0.3806,0.3437,0.3683,106270321.0,38486127.6553
2025-09-23,0.3684,0.3747,0.3612,0.3645,45301254.0,16716831.3008
2025-09-24,0.3646,0.3814,0.3571,0.3746,54235947.0,20098199.3319
2025-09-25,0.3747,0.3769,0.3467,0.3505,85476787.0,30737695.4012
2025-09-26,0.3506,0.364,0.3458,0.3619,64689574.0,22935269.9779
2025-09-27,0.3619,0.3632,0.3564,0.3608,20985398.0,7558456.5145
2025-09-28,0.3608,0.369,0.3519,0.3676,26086795.0,9385134.7745
2025-09-29,0.3677,0.3769,0.3633,0.3718,52209591.0,19324998.7459
2025-09-30,0.3718,0.3734,0.3578,0.364,42222294.0,15419219.5639
2025-10-01,0.3641,0.3984,0.3614,0.3982,87849889.0,33773500.6384
2025-10-02,0.3982,0.4141,0.3946,0.4087,104278957.0,42092194.2635
2025-10-03,0.4087,0.4136,0.399,0.4062,80029154.0,32390118.7431
2025-10-04,0.4062,0.4078,0.388,0.3938,40247122.0,15945314.136
2025-10-05,0.3939,0.4098,0.3917,0.3962,82564404.0,33103032.5981
2025-10-06,0.3961,0.413,0.3935,0.4085,76399791.0,30993952.2753
2025-10-07,0.4085,0.4103,0.3829,0.3836,75684091.0,29924467.0326
2025-10-08,0.3836,0.3924,0.3778,0.3884,64859100.0,24900053.0326
2025-10-09,0.3885,0.3887,0.3708,0.3794,52330525.0,19789939.9261
2025-10-10,0.3794,0.3861,0.16,0.3191,317828387.0,99763158.9452
2025-10-11,0.3191,0.3397,0.3088,0.323,162826449.0,52650059.8841
2025-10-12,0.323,0.3503,0.3135,0.3415,92338723.0,30696535.24
2025-10-13,0.3416,0.3546,0.336,0.3511,79643171.0,27560431.6849
2025-10-14,0.3511,0.3529,0.3197,0.3373,99466960.0,33022338.4834
2025-10-15,0.3373,0.3426,0.3198,0.3247,48907757.0,16220999.2588
2025-10-16,0.3247,0.3322,0.3074,0.3122,82226613.0,26337729.1337
2025-10-17,0.3122,0.3176,0.2895,0.3086,99117776.0,29896853.4907
2025-10-18,0.3086,0.3198,0.3082,0.3146,34645486.0,10896734.0268
2025-10-19,0.3145,0.3235,0.3072,0.3179,45541612.0,14386040.9657
2025-10-20,0.3178,0.333,0.3132,0.3244,45646749.0,14851362.9064
2025-10-21,0.3245,0.3329,0.3136,0.3141,63424546.0,20405411.1166
2025-10-22,0.3141,0.3153,0.3019,0.3081,51927723.0,16084719.4061
2025-10-23,0.3081,0.317,0.3079,0.3115,24395846.0,7614011.7797
2025-10-24,0.3115,0.3263,0.3101,0.3195,36694228.0,11651378.9877
2025-10-25,0.3194,0.3306,0.3178,0.3249,31025338.0,10046849.6127
2025-10-26,0.325,0.3329,0.3225,0.3304,32386972.0,10659204.4429
2025-10-27,0.3304,0.3348,0.3215,0.3228,41978851.0,13759276.0317
2025-10-28,0.3228,0.338,0.3139,0.3184,66910088.0,21896202.0131
2025-10-29,0.3183,0.3249,0.3109,0.3158,56199156.0,17938737.9956
2025-10-30,0.3159,0.3186,0.2904,0.2984,85309419.0,25836653.8687
2025-10-31,0.2984,0.3127,0.2978,0.305,49913748.0,15193810.0453
2025-11-01,0.305,0.3074,0.3016,0.3051,23199206.0,7072820.2678
2025-11-02,0.3051,0.3078,0.2995,0.3047,20200476.0,6135191.0495
2025-11-03,0.3048,0.3056,0.2725,0.2782,90293416.0,25767385.8581
2025-11-04,0.2781,0.2843,0.252,0.2695,123471011.0,33143282.6085
2025-11-05,0.2694,0.2822,0.2579,0.2802,59643564.0,16378580.7854
2025-11-06,0.2801,0.282,0.2639,0.2697,51375244.0,13970869.6958
2025-11-07,0.2697,0.2934,0.2655,0.2916,98263918.0,27397738.9609
2025-11-08,0.2917,0.2958,0.2784,0.2833,46273664.0,13262819.6567
2025-11-09,0.2833,0.2879,0.2726,0.2858,52100844.0,14526811.8718
2025-11-10,0.2859,0.3115,0.2837,0.3005,80318039.0,24143739.0692
2025-11-11,0.3006,0.3049,0.2798,0.2818,49109339.0,14306925.0862
2025-11-12,0.2818,0.295,0.2739,0.2777,50136002.0,14215975.1012
2025-11-13,0.2777,0.3,0.2626,0.2684,102372209.0,28772619.2478
2025-11-14,0.2685,0.271,0.2563,0.2595,85929840.0,22740114.6912
2025-11-15,0.2595,0.2674,0.2576,0.2596,33469249.0,8782197.3819
2025-11-16,0.2595,0.2631,0.2489,0.254,47226276.0,12060568.9333
2025-11-17,0.254,0.2625,0.2442,0.2471,68407476.0,17255899.8417
2025-11-18,0.2471,0.2603,0.2425,0.256,58015928.0,14542302.7583
2025-11-19,0.256,0.2569,0.2354,0.2466,53413707.0,13124805.2157
2025-11-20,0.2466,0.2544,0.2339,0.2369,55213167.0,13540193.9375
2025-11-21,0.237,0.2406,0.2169,0.2318,94277647.0,21564769.8498
2025-11-22,0.2317,0.2331,0.226,0.2301,34022116.0,7806226.5846
2025-11-23,0.2302,0.2533,0.2292,0.2473,58499616.0,14162062.7653
2025-11-24,0.2473,0.2602,0.2413,0.2547,85081104.0,21214181.9421
2025-11-25,0.2548,0.2563,0.2412,0.2523,54416366.0,13584812.0477
2025-11-26,0.2522,0.2622,0.2479,0.2586,54663642.0,13931664.344
2025-11-27,0.2585,0.2595,0.251,0.2557,40334622.0,10307600.2742
2025-11-28,0.2558,0.263,0.2509,0.2533,40534901.0,10401912.5652
2025-11-29,0.2534,0.2578,0.2496,0.254,28602968.0,7256771.3597
2025-11-30,0.2539,0.2558,0.2477,0.248,17962411.0,4528619.5175
2025-12-01,0.248,0.2489,0.2267,0.2339,62376611.0,14575951.2983
2025-12-02,0.2339,0.2579,0.23,0.2547,39846021.0,9776701.117
2025-12-03,0.2547,0.2629,0.2512,0.2579,63870304.0,16398540.1818
2025-12-04,0.258,0.259,0.2482,0.2519,49344476.0,12550374.9067
2025-12-05,0.2518,0.2541,0.2387,0.2399,34977500.0,8642772.0561
2025-12-06,0.2398,0.2427,0.2376,0.2394,20019457.0,4808394.7113
2025-12-07,0.2395,0.2448,0.2317,0.2373,31999913.0,7624654.4389
2025-12-08,0.2373,0.2469,0.2368,0.2408,35416769.0,8606102.9206
2025-12-09,0.2409,0.2584,0.2374,0.2531,49971172.0,12479649.1344
2025-12-10,0.2531,0.3,0.2487,0.25,48013166.0,12164265.364
2025-12-11,0.25,0.2505,0.239,0.2458,38230831.0,9281875.5481
2025-12-12,0.2458,0.2482,0.233,0.2386,43813088.0,10511837.5786
2025-12-13,0.2386,0.2408,0.2362,0.2377,13466656.0,3214627.8203
2025-12-14,0.2378,0.2383,0.227,0.2291,23027704.0,5357039.4336
2025-12-15,0.2291,0.235,0.2153,0.2205,42769756.0,9586422.3796
2025-12-16,0.2206,0.2246,0.215,0.2196,37792992.0,8323353.1021
2025-12-17,0.2196,0.2252,0.209,0.2107,53190406.0,11517303.9533
2025-12-18,0.2107,0.219,0.2029,0.2071,53543452.0,11262044.6254
2025-12-19,0.207,0.2218,0.2043,0.2194,51906027.0,11176795.2945
2025-12-20,0.2193,0.2236,0.2059,0.2183,41238704.0,9038101.8012
2025-12-21,0.2183,0.2198,0.2121,0.2165,18794512.0,4062937.7597
2025-12-22,0.2166,0.2263,0.2145,0.2206,30028480.0,6637140.0587
2025-12-23,0.2206,0.2216,0.2134,0.2173,28255325.0,6134851.5374
2025-12-24,0.2172,0.2183,0.2113,0.2121,25900580.0,5542868.6313
2025-12-25,0.2121,0.2168,0.2084,0.21,18831290.0,4015891.1798
2025-12-26,0.21,0.2172,0.2081,0.2136,21174180.0,4522321.043
2025-12-27,0.2135,0.2216,0.2125,0.2209,13027617.0,2812422.4906
2025-12-28,0.2209,0.225,0.2182,0.2203,18639171.0,4140172.9794
2025-12-29,0.2203,0.2277,0.2154,0.2161,29994126.0,6656781.2305
2025-12-30,0.216,0.2162,0.2099,0.2107,33528961.0,7146254.5486
2025-12-31,0.2107,0.2116,0.1978,0.201,43901442.0,8961479.4878
2026-01-01,0.201,0.2102,0.201,0.2087,31243553.0,6424619.9473
2026-01-02,0.2087,0.2208,0.2056,0.2191,60744542.0,12966776.3977
2026-01-03,0.2191,0.2278,0.2168,0.2222,37846622.0,8395756.3073
2026-01-04,0.2222,0.2358,0.2218,0.233,57221665.0,13252562.3111
2026-01-05,0.233,0.2541,0.2297,0.2526,104173992.0,25044194.0922
2026-01-06,0.2527,0.2557,0.2338,0.2438,104621163.0,25849327.4247
2026-01-07,0.2438,0.2439,0.232,0.2342,44029861.0,10443857.2385
2026-01-08,0.2341,0.2362,0.2256,0.2302,45171655.0,10416055.0325
2026-01-09,0.2303,0.2335,0.2255,0.2284,37130147.0,8517356.0775
2026-01-10,0.2283,0.2292,0.2252,0.2264,14073319.0,3196715.9373
2026-01-11,0.2264,0.2293,0.2215,0.2244,25044451.0,5647548.8739
2026-01-12,0.2243,0.2289,0.2164,0.2193,44963371.0,9976829.9245
2026-01-13,0.2192,0.2416,0.2189,0.2386,56471885.0,13020199.8388
2026-01-14,0.2386,0.2472,0.2349,0.2361,83761614.0,20195398.3219
2026-01-15,0.2361,0.2366,0.2246,0.2285,50162061.0,11568259.386
2026-01-16,0.2284,0.2294,0.22,0.226,38876426.0,8755626.3892
2026-01-17,0.2261,0.2391,0.2246,0.2309,27661791.0,6384427.3316
2026-01-18,0.2309,0.2328,0.2178,0.2182,32264446.0,7281154.5533
2026-01-19,0.2181,0.2201,0.2028,0.2157,86533253.0,18431987.4433
2026-01-20,0.2157,0.2169,0.2052,0.207,36918715.0,7817031.7206
2026-01-21,0.207,0.2175,0.2054,0.2124,64496527.0,13688959.5931
2026-01-22,0.2125,0.2172,0.2095,0.2115,23936399.0,5107670.2701
2026-01-23,0.2116,0.2189,0.2086,0.2122,29780505.0,6336714.4977
2026-01-24,0.2122,0.2132,0.2102,0.2115,14709766.0,3110586.1103
2026-01-25,0.2114,0.2117,0.2007,0.2033,31479429.0,6471003.5528
2026-01-26,0.2033,0.212,0.2032,0.2074,35072470.0,7278561.7262
2026-01-27,0.2073,0.2102,0.2033,0.2085,26733772.0,5529262.3983
2026-01-28,0.2086,0.2121,0.2067,0.2105,27928436.0,5846406.4812
2026-01-29,0.2104,0.2105,0.1949,0.1987,54631302.0,10964633.9325
2026-01-30,0.1987,0.1998,0.1885,0.1919,69263582.0,13420555.6079
2026-01-31,0.192,0.1926,0.1655,0.181,124387537.0,22062546.4054
2026-02-01,0.181,0.1826,0.171,0.1751,64059876.0,11340188.1407
2026-02-02,0.1751,0.1836,0.1684,0.1787,83233327.0,14677259.5879
2026-02-03,0.1787,0.182,0.1679,0.1758,77576731.0,13636072.5169
2026-02-04,0.1757,0.1786,0.1672,0.1714,66125521.0,11408121.8905
2026-02-05,0.1714,0.1715,0.1434,0.1471,217128185.0,33844117.5473
2026-02-06,0.1471,0.1713,0.1362,0.1642,225411982.0,35056538.9524
2026-02-07,0.1641,0.1652,0.1561,0.1619,95618632.0,15431862.7838
2026-02-08,0.1618,0.1651,0.159,0.1615,32727295.0,5304375.3545
2026-02-09,0.1615,0.1641,0.1563,0.1596,40226878.0,6440249.174
2026-02-10,0.1596,0.161,0.1548,0.1585,57684846.0,9080979.644
2026-02-11,0.1585,0.1591,0.1506,0.1547,51162200.0,7908465.3061
2026-02-12,0.1547,0.1636,0.1539,0.1563,37868479.0,5989023.3242
2026-02-13,0.1564,0.1667,0.1545,0.1646,52113898.0,8368278.0094
2026-02-14,0.1646,0.1768,0.1645,0.1744,60302129.0,10284378.4446
2026-02-15,0.1744,0.1858,0.1675,0.1702,105438780.0,18644843.0057
2026-02-16,0.1703,0.1726,0.1661,0.1698,44450620.0,7517395.8826
2026-02-17,0.1698,0.1704,0.1642,0.1657,31053698.0,5176492.8598
2026-02-18,0.1658,0.1695,0.1608,0.1613,27626164.0,4561700.0622
2026-02-19,0.1613,0.1622,0.1573,0.1591,30360982.0,4849777.7692
2026-02-20,0.159,0.1651,0.1575,0.1627,36533136.0,5905313.4676
2026-02-21,0.1626,0.1645,0.161,0.161,18976075.0,3086889.0183
2026-02-22,0.161,0.1611,0.1538,0.155,79124818.0,12352497.1466
2026-02-23,0.1549,0.1574,0.1492,0.1514,45701275.0,6959413.1296
2026-02-24,0.1514,0.1526,0.1474,0.1496,35831844.0,5379492.8001
2026-02-25,0.1496,0.1694,0.1493,0.1627,75306251.0,12110485.6174
2026-02-26,0.1627,0.1655,0.1584,0.1622,44403033.0,7205355.4067
2026-02-27,0.1623,0.1668,0.1563,0.1588,39247030.0,6310691.4877
2026-02-28,0.1587,0.1603,0.1479,0.159,76141447.0,11729437.2446
2026-03-01,0.159,0.1646,0.1518,0.1541,61652391.0,9747015.8196
2026-03-02,0.1542,0.1622,0.1518,0.1557,51804155.0,8089988.2396
2026-03-03,0.1558,0.1558,0.1487,0.1515,53820460.0,8146929.5435
2026-03-04,0.1516,0.1659,0.1499,0.1595,74981691.0,11806798.1646
2026-03-05,0.1596,0.1611,0.1541,0.1569,45414261.0,7182637.9172
2026-03-06,0.1568,0.1606,0.15,0.1522,42933766.0,6683949.0542
2026-03-07,0.1523,0.1536,0.1491,0.1504,21385542.0,3233594.0612
2026-03-08,0.1504,0.1523,0.1469,0.1482,28234170.0,4211701.1112
2026-03-09,0.1482,0.154,0.148,0.1508,32659018.0,4922598.2678
2026-03-10,0.1508,0.1679,0.1506,0.1586,81390472.0,13106224.8783
2026-03-11,0.1585,0.1623,0.1555,0.1592,42589460.0,6742848.232
2026-03-12,0.1593,0.1611,0.1564,0.16,30835264.0,4903255.6941
2026-03-13,0.16,0.1683,0.1596,0.1641,50455016.0,8285943.7365
2026-03-14,0.164,0.1667,0.1623,0.1665,25895982.0,4258564.9827
2026-03-15,0.1666,0.1713,0.1654,0.1693,32258041.0,5414710.3692
2026-03-16,0.1694,0.177,0.167,0.176,75231542.0,12999264.097
2026-03-17,0.1761,0.182,0.1721,0.1736,49698749.0,8736328.4716
2026-03-18,0.1737,0.1777,0.1652,0.1702,44556877.0,7655732.1432
2026-03-19,0.1702,0.1709,0.1633,0.1654,29907331.0,4986280.2683
2026-03-20,0.1653,0.1689,0.1633,0.1654,25012312.0,4159983.3445
2026-03-21,0.1655,0.1669,0.1613,0.1621,16387787.0,2706998.989
2026-03-22,0.1622,0.1638,0.1549,0.156,33137539.0,5261353.8095
2026-03-23,0.156,0.1676,0.1554,0.1668,64319916.0,10409923.5914
2026-03-24,0.1667,0.1753,0.1638,0.1738,49969861.0,8388119.6228
2026-03-25,0.1739,0.1824,0.1737,0.1774,81961765.0,14603232.039
2026-03-26,0.1774,0.1788,0.1712,0.1738,50742364.0,8831241.8634
2026-03-27,0.1738,0.1755,0.1667,0.1674,35510876.0,6069567.4722
2026-03-28,0.1673,0.1719,0.1644,0.168,28327478.0,4757796.2656
2026-03-29,0.168,0.1692,0.161,0.1645,30342826.0,5037709.4899
2026-03-30,0.1645,0.174,0.1644,0.1674,33638738.0,5720521.0634
2026-03-31,0.1675,0.1709,0.1636,0.1673,38975474.0,6500504.7901
2026-04-01,0.1672,0.1748,0.1668,0.1694,39475482.0,6764272.005
2026-04-02,0.1693,0.1711,0.1602,0.163,42312549.0,6945041.2137
2026-04-03,0.163,0.1666,0.1618,0.163,22061850.0,3621890.4159
2026-04-04,0.163,0.1633,0.1606,0.1619,20841373.0,3369594.3264
2026-04-05,0.1619,0.1628,0.1573,0.1627,41224179.0,6573194.5925
2026-04-06,0.1628,0.1642,0.1551,0.1557,70673549.0,11282637.3572
2026-04-07,0.1556,0.1647,0.1535,0.1635,57738207.0,9053663.2254
2026-04-08,0.1634,0.1653,0.1575,0.1578,45759463.0,7412553.3595
2026-04-09,0.1577,0.1588,0.1525,0.1548,75310087.0,11664824.9169
2026-04-10,0.1548,0.1573,0.1527,0.1552,42145899.0,6542521.6262
2026-04-11,0.1552,0.1569,0.153,0.1535,26745287.0,4130285.3273
2026-04-12,0.1536,0.1541,0.1501,0.1502,24591446.0,3728493.7621
2026-04-13,0.1503,0.1565,0.1498,0.1564,31010391.0,4735166.571
2026-04-14,0.1563,0.1587,0.1538,0.1547,33801169.0,5268324.8981
2026-04-15,0.1547,0.159,0.1543,0.1579,36227415.0,5668985.0048
2026-04-16,0.1579,0.1696,0.1574,0.1693,77916794.0,12717313.9157
2026-04-17,0.1693,0.1772,0.1643,0.1742,63552142.0,10880607.2217
2026-04-18,0.1741,0.1764,0.1675,0.1704,47144337.0,8086180.2476
2026-04-19,0.1704,0.1726,0.166,0.1666,40349927.0,6848454.589
2026-04-20,0.1667,0.1752,0.1664,0.1739,45960201.0,7825341.2564
2026-04-21,0.1739,0.1847,0.1729,0.1791,73845656.0,13207866.0765
2026-04-22,0.1791,0.1825,0.1763,0.1766,53931817.0,9695003.2398
2026-04-23,0.1767,0.1794,0.174,0.1755,49178951.0,8693856.1082
2026-04-24,0.1754,0.177,0.1721,0.1729,42934231.0,7495881.214
2026-04-25,0.173,0.1747,0.1696,0.1698,32809728.0,5659534.0194
2026-04-26,0.1697,0.1727,0.168,0.1708,50390716.0,8599677.8785
2026-04-27,0.1709,0.1737,0.1642,0.166,71168737.0,12026099.9819
2026-04-28,0.166,0.1661,0.1611,0.1618,55923779.0,9118070.8845
2026-04-29,0.1619,0.1648,0.1582,0.1594,88005132.0,14276864.381
2026-04-30,0.1595,0.1611,0.1583,0.1583,34266174.0,5467327.7926
2026-05-01,0.1583,0.1626,0.1582,0.1596,38878855.0,6234111.976
2026-05-02,0.1596,0.161,0.1588,0.1599,24416721.0,3903989.3001
2026-05-03,0.16,0.1602,0.1578,0.1579,32783649.0,5209460.7699
2026-05-04,0.158,0.1616,0.1566,0.1575,64991136.0,10317572.9875
2026-05-05,0.1575,0.1613,0.1572,0.1598,57039346.0,9069656.7758
2026-05-06,0.1598,0.1662,0.1597,0.1616,63964679.0,10406924.0786
2026-05-07,0.1615,0.1627,0.1575,0.1582,71620223.0,11428816.9261
2026-05-08,0.1582,0.1657,0.1574,0.1635,60508339.0,9748098.8671
2026-05-09,0.1635,0.168,0.1615,0.1625,58520776.0,9643762.0919
2026-05-10,0.1625,0.1739,0.1607,0.1696,129651296.0,21830542.079
2026-05-11,0.1696,0.1711,0.1646,0.1686,67942783.0,11405045.5621
2026-05-12,0.1686,0.1692,0.1613,0.1624,61496975.0,10112357.8689
2026-05-13,0.1625,0.1659,0.1577,0.1589,48893467.0,7894438.1728
2026-05-14,0.159,0.1686,0.1579,0.1624,68069870.0,11097982.93
2026-05-15,0.1623,0.1637,0.1537,0.1547,77006880.0,12139306.0671
2026-05-16,0.1546,0.1557,0.1502,0.1518,47555790.0,7249778.2688
2026-05-17,0.1517,0.1529,0.1457,0.1494,45408166.0,6800156.6395
2026-05-18,0.1494,0.1506,0.1447,0.1474,58191769.0,8588353.1022
2026-05-19,0.1473,0.1484,0.1426,0.1436,75730460.0,11032460.5833
2026-05-20,0.1435,0.145,0.142,0.1439,39608313.0,5681002.0819
2026-05-21,0.1438,0.149,0.1431,0.1467,38308363.0,5595087.5178
2026-05-22,0.1467,0.1506,0.143,0.1435,43727267.0,6436418.5567
2026-05-23,0.1435,0.1497,0.1395,0.1481,38302947.0,5506593.5621
2026-05-24,0.1481,0.1498,0.1449,0.1475,27855967.0,4117369.6293
2026-05-25,0.1476,0.1537,0.1467,0.1498,42068769.0,6355241.5307
2026-05-26,0.1498,0.1514,0.1465,0.1478,32924331.0,4898972.6625
2026-05-27,0.1477,0.1707,0.1462,0.1641,320370256.0,51608148.4952
2026-05-28,0.1641,0.2175,0.164,0.2038,917382904.0,175234005.4134
2026-05-29,0.2038,0.2662,0.1959,0.2596,850392210.0,187002917.8859
2026-05-30,0.2595,0.2982,0.2265,0.2296,720461493.0,187202013.9536
2026-05-31,0.2296,0.2676,0.221,0.2599,545797311.0,135043125.4749
2026-06-01,0.26,0.2744,0.2404,0.2431,543969628.0,140764083.3318
2026-06-02,0.2432,0.2437,0.2147,0.2226,329318371.0,74878538.3587
2026-06-03,0.2225,0.2346,0.2086,0.2088,416081695.0,93061436.2729
2026-06-04,0.2088,0.2209,0.198,0.2017,425881327.0,88706381.9831
2026-06-05,0.2016,0.2087,0.1847,0.2033,721092215.0,139945572.2983
2026-06-06,0.2033,0.2155,0.1887,0.2121,371886520.0,75378046.8711
2026-06-07,0.2122,0.2179,0.1996,0.2059,521429808.0,108518435.8034
2026-06-08,0.2058,0.2081,0.1975,0.2026,165789467.0,33516009.4422
2026-06-09,0.2026,0.2048,0.1911,0.1923,182462848.0,36111823.9929
2026-06-10,0.1923,0.1931,0.1811,0.1829,441810560.0,81871035.7492
2026-06-11,0.1829,0.1948,0.1824,0.192,89977023.0,17063289.3711
2026-06-12,0.1921,0.1998,0.1874,0.1881,84616251.0,16277473.4914
2026-06-13,0.1881,0.1923,0.1835,0.1871,61504206.0,11595623.909
2026-06-14,0.1871,0.192,0.1812,0.191,67923163.0,12601255.2272
2026-06-15,0.191,0.2344,0.17,0.2136,400933630.0,86921425.2169
2026-06-16,0.2136,0.2342,0.2082,0.2167,223584850.0,49259981.581
2026-06-17,0.2168,0.2342,0.2168,0.2256,187246503.0,42107856.8907
2026-06-18,0.2256,0.252,0.2255,0.2345,285590033.0,68301033.1978
2026-06-19,0.2344,0.2354,0.2147,0.2183,133855837.0,29795840.5978
2026-06-20,0.2182,0.2189,0.2105,0.2162,67173438.0,14410707.9175
2026-06-21,0.2163,0.2178,0.2094,0.2098,55125317.0,11755603.3862
2026-06-22,0.2098,0.2172,0.2016,0.2029,84277380.0,17655467.1485
2026-06-23,0.2029,0.2029,0.1907,0.1952,70071810.0,13676695.0012
2026-06-24,0.1951,0.1973,0.1819,0.1855,89934590.0,16957504.2763
2026-06-25,0.1856,0.1903,0.174,0.1789,94096722.0,17046594.8253
2026-06-26,0.1789,0.1809,0.1712,0.1779,78925339.0,13904454.9519
2026-06-27,0.1778,0.1796,0.1725,0.174,64657860.0,11337494.51
2026-06-28,0.1739,0.1752,0.1688,0.173,40906017.0,7019557.1269
2026-06-29,0.173,0.1791,0.17,0.1751,63455001.0,11054717.3564
2026-06-30,0.175,0.1894,0.1734,0.1892,159053638.0,28942445.0452
2026-07-01,0.1892,0.2078,0.1891,0.1975,243255409.0,48528718.2403
2026-07-02,0.1975,0.2044,0.1926,0.1993,119052661.0,23685253.8781
2026-07-03,0.1993,0.207,0.1962,0.2041,131405184.0,26518910.6743
2026-07-04,0.204,0.2157,0.2025,0.2067,545506836.0,113127551.1431
2026-07-05,0.2068,0.2069,0.1975,0.2034,93360650.0,18804791.1334
2026-07-06,0.2035,0.2076,0.196,0.2001,544942703.0,110142652.2893
2026-07-07,0.2001,0.2008,0.1879,0.1888,113096620.0,21931851.2824
2026-07-08,0.1887,0.19,0.1796,0.1813,138530326.0,25373967.6868
2026-07-09,0.1812,0.1879,0.18,0.1864,838639990.0,152304564.9264
2026-07-10,0.1863,0.1946,0.1849,0.1907,101011433.0,19241526.0564
2026-07-11,0.1907,0.1937,0.1864,0.1865,42731462.0,8149953.328
2026-07-12,0.1864,0.1915,0.1826,0.1865,42019193.0,7840655.5423
2026-07-13,0.1865,0.1895,0.1782,0.1808,73706029.0,13474201.8218
2026-07-14,0.1809,0.1867,0.1779,0.1845,72891113.0,13296671.0935
2026-07-15,0.1845,0.1923,0.1817,0.1884,103197444.0,19332326.1191
2026-07-16,0.1885,0.193,0.1848,0.1852,88925820.0,16843222.2743
2026-07-17,0.1851,0.1882,0.1817,0.1855,57525194.0,10630213.6622
2026-07-18,0.1855,0.1893,0.1833,0.1879,28067263.0,5231807.24
2026-07-19,0.1878,0.1921,0.1861,0.1882,43386774.0,8201357.6579
2026-07-20,0.1882,0.1903,0.1844,0.1886,64857116.0,12167358.0939
2026-07-21,0.1885,0.1964,0.1866,0.1922,64060708.0,12309538.8697
2026-07-22,0.1922,0.1956,0.1857,0.1876,61185446.0,11617129.0197
2026-07-23,0.1876,0.1878,0.1804,0.1823,54254409.0,9972670.5836
2026-07-24,0.1823,0.185,0.1758,0.1779,62010059.0,11200677.6368
2026-07-25,0.1779,0.18,0.1764,0.1781,17051848.0,3038308.8431
2026-07-26,0.1781,0.1834,0.1761,0.1826,31697218.0,5680826.5955
2026-07-27,0.1827,0.1833,0.1711,0.172,77121435.0,13716062.8883
2026-07-28,0.172,0.1751,0.1697,0.1741,44180390.0,7594877.6371
2026-07-29,0.1742,0.1761,0.1686,0.172,42068548.0,7266030.0087
2026-07-30,0.172,0.1739,0.1709,0.1719,24637499.0,4249712.6355
2026-07-31,0.172,0.1738,0.1677,0.1722,46142070.0,7897783.1318
2026-08-01,0.1722,0.1733,0.1685,0.1709,19851515.0,3399503.9774
2026-08-02,0.171,0.1776,0.1705,0.1742,40859674.0,7136564.4999
2026-08-03,0.1741,0.1744,0.1698,0.1713,38063785.0,6535997.3761
2026-08-04,0.1714,0.1721,0.1686,0.1686,37747644.0,6419493.72
2026-08-05,0.1687,0.1687,0.1644,0.165,52292593.0,8727876.9928
2026-08-06,0.165,0.1652,0.159,0.1614,59273199.0,9582662.5098
2026-08-07,0.1614,0.1633,0.1594,0.1614,32183552.0,5192622.6559
2026-08-08,0.1614,0.1667,0.1612,0.1646,22990356.0,3776595.2732
2026-08-09,0.1645,0.1649,0.1608,0.1627,28589186.0,4658485.5523
2026-08-10,0.1626,0.166,0.161,0.1614,40353621.0,6585637.5795
2026-08-11,0.1615,0.1629,0.1588,0.1621,31933082.0,5143383.0108
2026-08-12,0.1621,0.1627,0.1582,0.1595,41734792.0,6695796.099
2026-08-13,0.1594,0.163,0.1582,0.1596,35193442.0,5644120.6564
2026-08-14,0.1596,0.1605,0.1557,0.1581,30952626.0,4916298.9629
2026-08-15,0.1582,0.1599,0.1576,0.1581,20176918.0,3199009.2989
2026-08-16,0.158,0.1598,0.156,0.1563,22933334.0,3611300.6046
2026-08-17,0.1563,0.1594,0.1559,0.1582,30477908.0,4814466.9356
2026-08-18,0.1582,0.1583,0.1524,0.1549,44515045.0,6872566.6462
2026-08-19,0.155,0.173,0.1538,0.1703,82618572.0,13597582.8413
2026-08-20,0.1704,0.192,0.1663,0.1817,169925013.0,30541967.6587
2026-08-21,0.1816,0.2043,0.1813,0.2018,188157735.0,36040810.6944
2026-08-22,0.2018,0.2226,0.1882,0.1956,309908499.0,63139235.582
2026-08-23,0.1956,0.2021,0.1877,0.1997,140428399.0,27542477.5676
2026-08-24,0.1998,0.2004,0.1917,0.1938,141037491.0,27624184.5546
2026-08-25,0.1937,0.2003,0.1815,0.1824,119269111.0,22899914.1669
2026-08-26,0.1825,0.1859,0.1778,0.1853,72516379.0,13206271.6691
2026-08-27,0.1854,0.1897,0.1808,0.1873,68990646.0,12831107.6873
2026-08-28,0.1873,0.1893,0.1754,0.1795,75538940.0,13734163.0965
2026-08-29,0.1796,0.1803,0.1768,0.1798,26775271.0,4779304.7248
2026-08-30,0.1797,0.1825,0.1724,0.1746,58861179.0,10534262.8199
2026-08-31,0.1745,0.1801,0.1737,0.1773,65006581.0,11480189.3356
2026-09-01,0.1773,0.1794,0.1739,0.1758,56865986.0,10068226.2056
2026-09-02,0.1758,0.1767,0.1713,0.1756,50333785.0,8750450.1418
2026-09-03,0.1757,0.1881,0.1749,0.1845,82946906.0,15078566.347
2026-09-04,0.1844,0.1869,0.1773,0.1795,73891496.0,13413483.0818
2026-09-05,0.1795,0.1866,0.1784,0.1839,63065592.0,11560733.828
2026-09-06,0.1839,0.1879,0.1826,0.1877,63988019.0,11870774.6599
2026-09-07,0.1877,0.1965,0.1855,0.1937,132298588.0,25298256.8338
2026-09-08,0.1936,0.1947,0.1863,0.1877,107975730.0,20530399.751
2026-09-09,0.1878,0.191,0.1796,0.1812,91766495.0,17105253.357
2026-09-10,0.1811,0.1815,0.1741,0.1746,84316057.0,15035555.0248
2026-09-11,0.1747,0.1853,0.1727,0.1783,85634629.0,15268754.9139
2026-09-12,0.1783,0.1828,0.1783,0.18,34174596.0,6177345.811
2026-09-13,0.1799,0.181,0.1759,0.1772,37198927.0,6655449.76
2026-09-14,0.1772,0.1971,0.1767,0.1916,158389564.0,30178733.9272
2026-09-15,0.1916,0.1987,0.1742,0.1761,231763047.0,43634378.4567
2026-09-16,0.1761,0.1842,0.1724,0.1839,124275067.0,22018623.1159
2026-09-17,0.184,0.1875,0.1809,0.1834,71774988.0,13232228.8244
2026-09-18,0.1835,0.1952,0.1824,0.1931,125947047.0,23884418.4496
2026-09-19,0.1932,0.2043,0.1909,0.1962,145709480.0,28682711.1527
2026-09-20,0.1962,0.1999,0.1885,0.1972,101718492.0,19711497.2105
2026-09-21,0.1972,0.2201,0.1957,0.2155,221627940.0,46165103.2405
2026-09-22,0.2154,0.2186,0.2088,0.2162,168285259.0,35895079.4881
2026-09-23,0.2163,0.2249,0.1998,0.2021,178162376.0,37720881.8659
2026-09-24,0.2021,0.2177,0.1969,0.2177,139808022.0,28982143.9193
2026-09-25,0.2177,0.2265,0.2147,0.2204,212887672.0,46785564.5863
2026-09-26,0.2203,0.2226,0.2134,0.2165,67626610.0,14789143.2055
2026-09-27,0.2164,0.2198,0.2128,0.2158,75642978.0,16351085.1393
2026-09-28,0.2158,0.2347,0.2065,0.2325,318043791.0,70734760.8849
2026-09-29,0.2324,0.2371,0.2199,0.2223,191355388.0,43584007.2257
2026-09-30,0.2223,0.2322,0.2192,0.2263,151194281.0,34053817.5974
2026-10-01,0.2264,0.2311,0.217,0.2191,94131042.0,20943946.5748
2026-10-02,0.2191,0.2271,0.2102,0.2155,94279409.0,20741726.4953
2026-10-03,0.2155,0.217,0.2129,0.2161,37185876.0,7998712.6722
2026-10-04,0.216,0.2243,0.2145,0.2241,37354508.0,8162203.3302
2026-10-05,0.2241,0.2271,0.2108,0.2155,106048880.0,23118495.3577
2026-10-06,0.2156,0.2169,0.212,0.2121,46282474.0,9937871.4858
2026-10-07,0.2121,0.2126,0.1984,0.2005,91125534.0,18561710.1769
2026-10-08,0.2004,0.2021,0.1852,0.1921,119402876.0,23225551.0658
